exemplare_id,datum_pujceni,vratit_do,osoby_id,skutecne_vraceno,poznamka,vypujcky_id
10698,2005-05-22,2005-06-11,529,2005-06-06,,62
3933,2005-05-22,2005-05-24,398,2005-05-26,k vědeckému článku,68
684,2005-05-25,2005-06-29,276,2005-06-22,"Nepsát e-mail, rovnou volat.",118
5725,2005-05-27,2005-06-08,355,2005-06-02,,159
10681,2005-05-30,2005-06-19,188,2005-06-17,Ručí za ni vlastní hlavou.,251
779,2005-06-02,2005-06-17,218,2005-06-10,,287
7117,2005-06-02,2005-06-25,126,2005-06-16,,295
6592,2005-06-02,2005-06-11,310,2005-06-08,,297
11549,2005-06-04,2005-06-20,362,2005-06-15,,340
8110,2005-06-04,2005-07-01,197,2005-06-27,,344
5492,2005-06-06,2005-06-21,68,2005-06-22,,351
2413,2005-06-11,2005-07-04,253,2005-06-30,k vědeckému článku,429
7404,2005-06-11,2005-07-01,351,2005-06-29,,434
3107,2005-06-12,2005-07-01,435,2005-06-25,,444
10610,2005-06-12,2005-06-17,188,2005-06-17,,450
3381,2005-06-18,2005-07-18,104,2005-06-30,,517
6866,2005-06-19,2005-07-16,471,2005-07-06,,543
5320,2005-06-22,2005-07-21,540,2005-07-18,,580
3241,2005-06-25,2005-07-17,145,2005-07-10,Určeno pro seminární práci.,644
314,2005-06-28,2005-07-19,375,2005-07-11,k habilitaci,706
413,2005-07-06,2005-08-12,472,2005-08-02,,795
1577,2005-07-06,2005-08-01,356,2005-07-24,,809
5174,2005-07-06,2005-07-14,412,2005-07-16,,813
2084,2005-07-06,2005-07-16,435,2005-07-13,,814
9633,2005-07-09,2005-08-04,471,2005-07-20,,816
2459,2005-07-12,2005-07-18,69,2005-07-17,Pro výzkumné účely.,870
6,2005-07-14,2005-07-26,153,2005-07-20,,899
1955,2005-07-15,2005-08-12,131,2005-08-06,,900
3892,2005-07-16,2005-08-31,326,2005-08-19,,926
5889,2005-07-16,2005-07-29,559,2005-07-29,,951
4885,2005-07-19,2005-08-10,442,2005-08-02,K diplomové práci,996
2397,2005-07-20,2005-08-01,292,2005-07-30,,1023
2084,2005-07-24,2005-08-23,69,2005-08-14,,1059
214,2005-07-24,2005-08-15,80,2005-08-16,,1066
5663,2005-07-25,2005-09-04,108,2005-08-22,k vědeckému článku,1073
4712,2005-07-26,2005-08-08,82,2005-08-10,,1094
5892,2005-08-01,2005-08-25,208,2005-08-17,studijní materiál,1173
9999,2005-08-01,2005-08-31,315,2005-08-30,,1179
938,2005-08-01,2005-08-21,457,2005-08-20,,1192
7124,2005-08-03,2005-09-05,146,2005-08-29,k diplomce,1231
10787,2005-08-03,2005-09-09,188,2005-08-20,k habilitaci,1240
2229,2005-08-04,2005-08-18,566,2005-08-16,,1244
4223,2005-08-09,2005-09-26,390,2005-09-04,Pro disertaci,1335
1153,2005-08-10,2005-09-14,283,2005-08-31,,1342
1163,2005-08-13,2005-09-12,47,2005-08-28,,1399
3513,2005-08-13,2005-09-08,384,2005-09-03,,1406
2942,2005-08-15,2005-08-29,223,2005-08-25,,1437
2527,2005-08-17,2005-09-28,262,2005-09-06,"Pokud ji nevrátí v termínu, nedostane zápočet.",1469
9468,2005-08-24,2005-10-07,131,2005-09-26,Pro výzkumné účely.,1539
9802,2005-08-26,2005-10-02,170,2005-09-19,,1578
8047,2005-09-06,2005-10-02,500,2005-09-26,,1778
1003,2005-09-07,2005-09-10,395,2005-09-12,,1794
11382,2005-09-10,2005-10-17,207,2005-10-08,,1872
10655,2005-09-13,2005-09-28,493,2005-09-25,"Nepsát e-mail, rovnou volat.",1903
3742,2005-09-15,2005-09-26,118,2005-09-21,"Pokud ji nevrátí v termínu, nedostane zápočet.",1936
958,2005-09-16,2005-10-10,375,2005-10-06,Pro výzkumné účely.,1971
4087,2005-09-17,2005-10-19,118,2005-10-02,,1982
7973,2005-09-18,2005-09-29,180,2005-09-29,,2006
1897,2005-09-18,2005-10-07,87,2005-10-03,Zapůjčeno pro bakalářskou práci,2009
9708,2005-09-19,2005-10-17,295,2005-10-04,"Pokud ji nevrátí v termínu, nedostane zápočet.",2038
6036,2005-09-23,2005-10-07,545,2005-10-06,,2086
8611,2005-09-24,2005-10-25,120,2005-10-15,,2101
3940,2005-09-28,2005-10-17,369,2005-10-16,,2155
8537,2005-09-29,2005-11-03,244,2005-10-18,,2173
10209,2005-09-30,2005-10-19,103,2005-10-15,k projektu,2196
124,2005-10-02,2005-10-28,288,2005-10-19,,2220
7121,2005-10-02,2005-10-15,159,2005-10-14,,2226
12004,2005-10-02,2005-10-21,495,2005-10-21,,2227
8021,2005-10-03,2005-11-05,113,2005-10-21,"Nepsát e-mail, rovnou volat.",2231
6550,2005-10-03,2005-10-18,335,2005-10-18,,2233
1294,2005-10-07,2005-11-19,195,2005-11-04,,2301
5190,2005-10-15,2005-11-01,91,2005-10-28,,2397
11879,2005-10-16,2005-10-25,239,2005-10-22,,2411
2589,2005-10-18,2005-10-31,71,2005-11-01,,2447
365,2005-10-22,2005-11-04,24,2005-11-04,,2548
9509,2005-10-22,2005-11-09,123,2005-11-01,,2562
147,2005-10-24,2005-12-11,79,2005-11-20,,2579
9474,2005-10-24,2005-11-06,5,2005-11-01,,2582
5975,2005-10-25,2005-12-06,353,2005-11-22,,2587
4721,2005-10-25,2005-10-30,401,2005-10-29,,2596
6511,2005-10-25,2005-11-04,492,2005-11-02,,2598
10821,2005-10-31,2005-11-18,145,2005-11-10,,2658
9581,2005-10-31,2005-12-17,1,2005-12-02,,2660
2173,2005-11-03,2005-12-07,98,2005-11-27,,2723
3757,2005-11-04,2005-11-11,404,2005-11-11,,2736
1456,2005-11-05,2005-11-18,354,2005-11-20,,2744
12035,2005-11-10,2005-11-23,446,2005-11-19,,2846
2000,2005-11-10,2005-11-18,499,2005-11-19,,2851
7101,2005-11-11,2005-11-23,289,2005-11-24,,2864
8452,2005-11-12,2005-12-12,356,2005-11-30,,2882
4096,2005-11-13,2005-12-22,366,2005-12-12,,2895
2048,2005-11-18,2005-11-27,99,2005-11-29,,2954
5209,2005-11-18,2005-11-26,22,2005-11-26,,2973
8473,2005-11-19,2005-11-21,362,2005-11-22,,3013
3710,2005-11-23,2005-12-26,347,2005-12-18,,3059
3845,2005-11-25,2005-12-17,554,2005-12-15,,3102
101,2005-11-26,2005-12-13,446,2005-12-02,,3119
6109,2005-11-27,2005-12-27,354,2005-12-15,,3147
652,2005-11-29,2005-12-22,342,2005-12-11,,3189
3384,2005-12-01,2005-12-28,273,2005-12-24,Pro BP,3241
7228,2005-12-01,2005-12-16,289,2005-12-13,,3242
3053,2005-12-07,2005-12-29,358,2005-12-22,,3327
9937,2005-12-09,2006-01-24,277,2006-01-07,,3367
9041,2005-12-12,2006-01-05,429,2005-12-30,,3392
1463,2005-12-12,2006-01-02,471,2006-01-01,,3393
9204,2005-12-13,2006-01-16,223,2006-01-05,,3446
1955,2005-12-15,2005-12-25,464,2005-12-24,"Nepsát e-mail, rovnou volat.",3481
3806,2005-12-15,2006-01-25,228,2006-01-09,do výuky,3494
8252,2005-12-16,2005-12-24,342,2005-12-25,,3520
2459,2005-12-21,2006-01-02,103,2006-01-04,,3588
8440,2005-12-22,2006-01-02,171,2005-12-29,,3602
1738,2005-12-30,2006-01-03,151,2006-01-03,,3696
8198,2006-01-03,2006-01-05,322,2006-01-07,k diplomce,3775
2566,2006-01-04,2006-02-01,449,2006-01-22,,3794
10837,2006-01-05,2006-01-28,389,2006-01-23,do výuky,3823
1916,2006-01-08,2006-02-14,503,2006-01-27,,3853
4815,2006-01-10,2006-01-18,74,2006-01-18,,3891
7817,2006-01-13,2006-01-18,211,2006-01-19,,3952
2388,2006-01-16,2006-02-06,24,2006-02-03,,4016
1742,2006-01-17,2006-02-12,282,2006-02-09,k diplomce,4018
7945,2006-01-17,2006-02-20,384,2006-02-10,,4036
2589,2006-01-18,2006-02-07,5,2006-02-09,,4051
5536,2006-01-20,2006-02-10,87,2006-02-09,,4117
8103,2006-01-20,2006-03-02,406,2006-02-20,Ručí za ni vlastní hlavou.,4118
3083,2006-01-22,2006-02-17,366,2006-02-05,,4151
6680,2006-01-25,2006-02-04,422,2006-02-06,,4210
9146,2006-01-26,2006-02-10,176,2006-02-11,,4224
1102,2006-01-29,2006-02-23,442,2006-02-20,Určeno pro seminární práci.,4264
4370,2006-01-31,2006-03-17,369,2006-03-12,,4303
571,2006-02-02,2006-03-05,366,2006-02-21,,4355
5622,2006-02-04,2006-02-23,227,2006-02-17,,4390
5125,2006-02-05,2006-03-11,290,2006-02-26,,4418
198,2006-02-06,2006-03-01,1,2006-02-20,pohlídat si včasné vrácení,4424
7458,2006-02-10,2006-03-26,481,2006-03-20,K diplomové práci,4492
2951,2006-02-10,2006-02-21,162,2006-02-16,,4506
8999,2006-02-11,2006-02-22,442,2006-02-23,studijní materiál,4521
8675,2006-02-12,2006-03-05,540,2006-03-04,,4531
9146,2006-02-12,2006-03-28,148,2006-03-06,"Pokud ji nevrátí v termínu, nedostane zápočet.",4532
9178,2006-02-12,2006-02-25,378,2006-02-23,,4541
5590,2006-02-13,2006-02-23,123,2006-02-20,,4561
4335,2006-02-14,2006-03-04,57,2006-03-05,,4580
11961,2006-02-16,2006-03-01,347,2006-02-28,,4607
7124,2006-02-20,2006-04-09,1,2006-03-20,,4671
10837,2006-02-24,2006-03-06,267,2006-02-27,,4761
1528,2006-02-24,2006-03-09,533,2006-03-08,K diplomové práci,4762
8751,2006-02-27,2006-03-25,546,2006-03-09,"už nevím, co jsem si chtěl poznamenat",4806
6844,2006-03-01,2006-03-16,347,2006-03-06,,4833
3790,2006-03-05,2006-04-05,486,2006-04-01,,4902
11798,2006-03-12,2006-03-20,127,2006-03-18,"Pokud ji nevrátí v termínu, nedostane zápočet.",4968
7467,2006-03-15,2006-03-25,487,2006-03-23,,5009
4087,2006-03-18,2006-04-10,195,2006-04-05,"Nepsát e-mail, rovnou volat.",5028
2357,2006-03-19,2006-03-22,551,2006-03-23,,5044
1864,2006-03-23,2006-04-06,288,2006-04-01,Pro disertaci,5137
6487,2006-03-29,2006-04-26,322,2006-04-17,,5238
2857,2006-03-31,2006-04-20,92,2006-04-19,,5276
9509,2006-03-31,2006-04-06,86,2006-04-06,,5279
3002,2006-03-31,2006-04-27,519,2006-04-22,,5286
9178,2006-04-07,2006-04-15,374,2006-04-15,,5381
6844,2006-04-11,2006-04-13,108,2006-04-12,,5477
4945,2006-04-18,2006-05-29,165,2006-05-10,,5626
5059,2006-04-20,2006-05-24,29,2006-05-06,,5659
6323,2006-04-22,2006-05-25,357,2006-05-15,"Pokud ji nevrátí v termínu, nedostane zápočet.",5697
871,2006-04-22,2006-05-13,31,2006-05-08,,5698
5911,2006-04-22,2006-04-27,274,2006-04-29,,5699
3691,2006-04-23,2006-05-14,557,2006-05-09,"už nevím, co jsem si chtěl poznamenat",5728
2160,2006-04-23,2006-04-25,127,2006-04-27,,5733
10132,2006-04-24,2006-04-27,246,2006-04-27,,5746
11257,2006-04-25,2006-04-28,289,2006-04-27,,5785
5696,2006-04-28,2006-05-03,287,2006-05-03,,5813
6511,2006-04-29,2006-05-07,166,2006-05-08,,5823
4809,2006-04-30,2006-06-03,123,2006-05-18,,5843
3579,2006-05-01,2006-06-03,5,2006-05-28,,5859
9644,2006-05-01,2006-05-18,262,2006-05-12,,5863
11764,2006-05-02,2006-05-11,396,2006-05-13,,5881
126,2006-05-03,2006-05-14,467,2006-05-13,,5886
9673,2006-05-04,2006-06-21,411,2006-06-01,,5904
1618,2006-05-04,2006-05-22,336,2006-05-19,,5920
4106,2006-05-04,2006-05-21,525,2006-05-19,,5926
3667,2006-05-09,2006-06-02,280,2006-05-23,,6002
6272,2006-05-12,2006-05-23,324,2006-05-23,k diplomce,6044
8537,2006-05-14,2006-06-02,304,2006-05-25,,6079
8611,2006-05-24,2006-06-26,346,2006-06-18,k projektu,6244
4818,2006-05-27,2006-06-05,124,2006-06-04,,6267
7234,2006-05-30,2006-06-16,499,2006-06-14,,6315
5226,2006-05-30,2006-07-03,91,2006-06-27,Pro BP,6320
5922,2006-05-30,2006-06-08,146,2006-06-09,,6322
6592,2006-05-30,2006-06-26,218,2006-06-23,K diplomové práci,6328
9262,2006-06-03,2006-06-29,290,2006-06-24,,6340
9025,2006-06-04,2006-06-30,135,2006-06-25,,6359
3643,2006-06-15,2006-07-29,63,2006-07-18,,6533
5161,2006-06-16,2006-06-20,362,2006-06-21,,6553
124,2006-06-17,2006-07-03,412,2006-06-28,,6557
7624,2006-06-18,2006-07-31,83,2006-07-16,pohlídat si včasné vrácení,6575
11192,2006-06-18,2006-06-23,62,2006-06-22,,6584
2942,2006-06-19,2006-06-28,227,2006-06-30,,6590
5622,2006-06-19,2006-07-17,528,2006-07-08,,6596
10761,2006-06-22,2006-07-03,446,2006-07-03,Zapůjčeno pro bakalářskou práci,6648
6318,2006-06-23,2006-07-05,184,2006-06-30,,6652
8811,2006-06-23,2006-07-05,180,2006-07-06,k projektu,6661
5059,2006-06-26,2006-07-25,470,2006-07-11,,6690
824,2006-06-26,2006-07-04,366,2006-07-01,Pro disertaci,6698
5477,2006-06-28,2006-07-28,491,2006-07-21,do výuky,6730
6174,2006-07-01,2006-07-24,195,2006-07-22,"už nevím, co jsem si chtěl poznamenat",6790
7952,2006-07-06,2006-07-23,325,2006-07-15,,6854
9463,2006-07-06,2006-07-15,88,2006-07-15,,6864
2197,2006-07-16,2006-08-17,199,2006-08-05,,7013
2050,2006-07-17,2006-07-24,63,2006-07-24,,7028
3550,2006-07-20,2006-08-27,304,2006-08-16,,7081
4028,2006-07-23,2006-08-16,484,2006-08-07,k vědeckému článku,7110
8198,2006-07-24,2006-08-16,349,2006-08-03,,7127
10837,2006-07-26,2006-09-03,549,2006-08-24,,7165
8950,2006-08-01,2006-08-13,509,2006-08-13,,7294
2978,2006-08-03,2006-08-15,549,2006-08-08,,7333
11577,2006-08-05,2006-08-23,266,2006-08-23,,7365
4256,2006-08-05,2006-08-21,503,2006-08-18,,7371
7385,2006-08-05,2006-09-09,502,2006-08-27,,7387
8198,2006-08-08,2006-08-19,39,2006-08-18,,7429
11806,2006-08-10,2006-09-26,45,2006-09-03,,7462
6278,2006-08-12,2006-08-23,456,2006-08-25,studijní materiál,7498
2357,2006-08-12,2006-08-26,120,2006-08-25,,7501
8237,2006-08-14,2006-08-28,437,2006-08-30,,7552
10207,2006-08-15,2006-09-07,140,2006-09-02,,7562
10947,2006-08-22,2006-08-26,82,2006-08-27,,7675
8950,2006-08-23,2006-10-03,530,2006-09-19,,7691
6651,2006-08-24,2006-09-04,51,2006-09-04,K diplomové práci,7714
8809,2006-08-24,2006-09-26,205,2006-09-15,Určeno pro seminární práci.,7722
6425,2006-08-26,2006-09-18,178,2006-09-13,,7741
7847,2006-08-31,2006-09-08,455,2006-09-06,,7831
11477,2006-09-01,2006-10-05,188,2006-09-25,,7871
8765,2006-09-02,2006-09-09,5,2006-09-09,,7876
3747,2006-09-02,2006-09-19,62,2006-09-21,,7891
872,2006-09-04,2006-09-10,445,2006-09-12,,7915
3368,2006-09-08,2006-10-08,443,2006-09-26,,8012
1365,2006-09-09,2006-09-26,164,2006-09-20,pohlídat si včasné vrácení,8044
9110,2006-09-10,2006-09-25,16,2006-09-20,,8048
7832,2006-09-11,2006-09-22,447,2006-09-21,,8056
9366,2006-09-13,2006-09-27,322,2006-09-25,,8083
4873,2006-09-15,2006-10-30,491,2006-10-11,,8121
10969,2006-09-16,2006-10-21,519,2006-10-07,studijní materiál,8133
1960,2006-09-17,2006-09-30,427,2006-09-28,k diplomce,8172
4487,2006-09-17,2006-10-17,1,2006-09-30,,8174
3550,2006-09-20,2006-10-06,294,2006-10-03,,8249
7841,2006-09-20,2006-09-28,171,2006-09-29,k diplomce,8251
7044,2006-09-23,2006-11-08,124,2006-10-26,,8296
3777,2006-09-25,2006-09-30,126,2006-10-02,,8311
8783,2006-09-26,2006-10-05,356,2006-10-05,,8353
2413,2006-09-28,2006-10-22,511,2006-10-14,,8384
7404,2006-09-30,2006-11-10,71,2006-11-06,,8410
6269,2006-10-07,2006-11-16,467,2006-10-24,,8529
4028,2006-10-08,2006-11-04,300,2006-10-28,,8531
9737,2006-10-13,2006-10-20,384,2006-10-19,,8571
10791,2006-10-14,2006-10-20,363,2006-10-19,"už nevím, co jsem si chtěl poznamenat",8604
11905,2006-10-17,2006-11-01,43,2006-10-31,do výuky,8631
9811,2006-10-18,2006-11-17,503,2006-11-02,studijní materiál,8642
2942,2006-10-20,2006-10-31,62,2006-10-30,,8674
4172,2006-10-20,2006-10-26,461,2006-10-28,,8676
2413,2006-10-23,2006-11-08,347,2006-11-01,,8689
4274,2006-10-23,2006-11-26,1,2006-11-14,,8693
1735,2006-10-25,2006-11-13,564,2006-11-08,,8738
9198,2006-10-29,2006-12-02,366,2006-11-14,Pro BP,8797
6195,2006-11-05,2006-11-09,207,2006-11-09,,8886
1547,2006-11-15,2006-12-04,51,2006-11-23,,9023
8311,2006-11-15,2006-12-12,540,2006-12-05,Určeno pro seminární práci.,9027
9790,2006-11-15,2006-12-05,178,2006-11-26,Pro disertaci,9029
1735,2006-11-16,2006-12-10,537,2006-12-01,"už nevím, co jsem si chtěl poznamenat",9049
10919,2006-11-17,2006-12-04,34,2006-11-24,,9068
1023,2006-11-19,2006-12-24,274,2006-12-14,,9089
6700,2006-11-19,2006-11-28,208,2006-11-27,,9096
7597,2006-11-20,2006-11-23,52,2006-11-24,,9116
4641,2006-11-20,2006-12-24,292,2006-12-18,,9120
3319,2006-11-21,2006-12-03,217,2006-12-02,,9140
10614,2006-11-23,2006-12-07,259,2006-12-01,Zapůjčeno pro bakalářskou práci,9169
2012,2006-11-25,2006-12-29,551,2006-12-11,,9184
4576,2006-11-27,2006-12-27,288,2006-12-14,,9233
1982,2006-11-28,2006-12-12,280,2006-12-12,k projektu,9249
11531,2006-12-01,2006-12-18,347,2006-12-21,,9309
9366,2006-12-01,2007-01-15,199,2007-01-04,,9312
8871,2006-12-02,2007-01-02,254,2006-12-23,k diplomce,9321
5222,2006-12-03,2007-01-18,254,2007-01-01,Určeno pro seminární práci.,9359
6269,2006-12-05,2006-12-07,324,2006-12-07,"Pokud ji nevrátí v termínu, nedostane zápočet.",9380
9581,2006-12-05,2007-01-19,75,2007-01-07,,9385
8416,2006-12-06,2006-12-27,454,2006-12-20,,9409
8254,2006-12-08,2007-01-08,336,2007-01-04,,9444
11387,2006-12-11,2006-12-23,39,2006-12-16,,9509
5477,2006-12-16,2007-01-19,358,2007-01-14,,9583
7117,2006-12-19,2006-12-29,197,2006-12-28,,9638
3073,2006-12-19,2007-01-10,92,2007-01-04,do výuky,9643
9662,2006-12-22,2006-12-27,208,2006-12-26,,9681
7404,2006-12-28,2007-01-16,194,2007-01-04,Pro disertaci,9761
9072,2007-01-03,2007-01-23,135,2007-01-14,,9858
2211,2007-01-03,2007-01-28,353,2007-01-17,,9864
1528,2007-01-03,2007-01-12,479,2007-01-15,,9876
2527,2007-01-06,2007-02-09,324,2007-02-01,,9938
3486,2007-01-06,2007-01-21,412,2007-01-18,do výuky,9950
10326,2007-01-09,2007-01-11,397,2007-01-12,,9990
543,2007-01-16,2007-01-19,305,2007-01-20,,10106
11735,2007-01-18,2007-02-04,347,2007-01-30,,10134
779,2007-01-18,2007-02-18,300,2007-02-09,k vědeckému článku,10138
7266,2007-01-21,2007-01-30,51,2007-01-29,"Nepsát e-mail, rovnou volat.",10217
965,2007-01-22,2007-02-22,90,2007-02-12,,10231
4629,2007-01-23,2007-02-10,293,2007-02-06,do výuky,10250
10095,2007-01-25,2007-02-12,68,2007-02-04,,10272
10723,2007-01-25,2007-03-14,292,2007-02-26,k vědeckému článku,10296
6273,2007-01-26,2007-02-16,259,2007-02-10,Ručí za ni vlastní hlavou.,10309
10226,2007-01-27,2007-02-11,120,2007-02-08,,10332
6404,2007-01-29,2007-02-03,295,2007-02-04,Ručí za ni vlastní hlavou.,10370
11534,2007-01-29,2007-02-04,556,2007-02-05,,10376
2535,2007-01-30,2007-02-09,411,2007-02-11,,10386
6260,2007-02-03,2007-02-26,519,2007-02-16,,10467
796,2007-02-03,2007-03-10,283,2007-03-01,,10481
1015,2007-02-04,2007-02-21,322,2007-02-22,,10498
11764,2007-02-09,2007-03-04,398,2007-02-24,,10569
10280,2007-02-12,2007-02-22,445,2007-02-20,,10596
8802,2007-02-14,2007-02-25,250,2007-02-23,,10644
427,2007-02-17,2007-03-19,446,2007-03-03,,10691
8809,2007-02-17,2007-03-12,374,2007-03-06,Určeno pro seminární práci.,10699
5453,2007-02-21,2007-03-07,470,2007-03-05,,10747
1916,2007-02-22,2007-03-14,342,2007-03-11,pro projekt EU,10771
2691,2007-03-02,2007-03-22,374,2007-03-16,,10906
6278,2007-03-03,2007-03-14,456,2007-03-14,,10918
6051,2007-03-03,2007-03-17,120,2007-03-18,,10921
7810,2007-03-03,2007-03-16,541,2007-03-15,k projektu,10933
11410,2007-03-05,2007-04-05,87,2007-03-25,,10962
10761,2007-03-07,2007-04-09,135,2007-03-28,,10986
3933,2007-03-14,2007-04-20,277,2007-04-13,K diplomové práci,11083
2942,2007-03-16,2007-03-18,565,2007-03-18,,11138
3438,2007-03-16,2007-03-22,41,2007-03-23,,11141
11155,2007-03-17,2007-04-02,195,2007-04-01,,11173
9935,2007-03-18,2007-03-28,87,2007-03-28,,11189
10148,2007-03-21,2007-04-16,472,2007-04-03,,11206
9262,2007-03-21,2007-04-07,57,2007-04-02,Pro BP,11209
3375,2007-03-24,2007-04-10,44,2007-04-06,,11271
5911,2007-03-28,2007-04-30,481,2007-04-14,,11316
10198,2007-03-29,2007-05-08,375,2007-04-28,,11326
11159,2007-03-29,2007-05-09,108,2007-04-24,,11340
7973,2007-04-05,2007-05-09,487,2007-04-25,Pro výzkumné účely.,11466
3514,2007-04-06,2007-04-08,164,2007-04-09,k projektu,11474
638,2007-04-06,2007-04-24,180,2007-04-21,,11487
7002,2007-04-09,2007-05-10,191,2007-04-25,studijní materiál,11551
6409,2007-04-13,2007-05-03,141,2007-04-30,,11606
3306,2007-04-16,2007-05-07,263,2007-05-07,,11649
5674,2007-04-19,2007-05-17,386,2007-05-03,,11674
10042,2007-04-20,2007-05-29,456,2007-05-09,Zapůjčeno pro bakalářskou práci,11696
8311,2007-04-20,2007-05-04,315,2007-04-30,,11708
396,2007-04-21,2007-05-18,59,2007-05-15,,11709
3266,2007-04-27,2007-05-14,199,2007-05-07,,11782
10437,2007-04-29,2007-05-20,273,2007-05-16,,11809
11348,2007-05-01,2007-05-24,389,2007-05-14,,11851
8532,2007-05-04,2007-05-25,538,2007-05-17,,11901
10821,2007-05-09,2007-05-20,411,2007-05-15,,11974
2144,2007-05-09,2007-05-14,88,2007-05-13,,11975
11360,2007-05-10,2007-06-04,462,2007-05-29,,12001
9300,2007-05-11,2007-05-19,342,2007-05-19,,12019
2163,2007-05-14,2007-05-24,140,2007-05-21,,12051
6272,2007-05-14,2007-06-04,310,2007-05-28,,12056
8358,2007-05-16,2007-06-21,13,2007-06-02,,12091
1323,2007-05-19,2007-06-21,454,2007-06-09,,12149
2513,2007-05-19,2007-06-05,509,2007-06-02,,12150
7726,2007-05-21,2007-06-21,353,2007-06-07,do výuky,12170
11301,2007-05-23,2007-06-13,329,2007-06-09,,12177
3944,2007-05-26,2007-06-18,205,2007-06-15,,12244
9068,2007-05-27,2007-06-12,43,2007-06-11,,12277
3777,2007-05-27,2007-06-04,545,2007-06-04,,12279
1365,2007-05-28,2007-07-04,422,2007-06-13,,12282
5320,2007-05-29,2007-06-24,428,2007-06-22,k projektu,12300
3705,2007-05-30,2007-06-11,386,2007-06-09,k projektu,12314
9556,2007-05-30,2007-06-03,366,2007-06-03,,12322
4594,2007-05-31,2007-06-29,525,2007-06-21,,12334
2021,2007-06-04,2007-07-14,287,2007-06-29,,12408
6289,2007-06-07,2007-06-21,470,2007-06-21,,12435
5919,2007-06-07,2007-07-10,325,2007-07-03,Určeno pro seminární práci.,12447
7854,2007-06-08,2007-07-21,386,2007-07-03,Pro disertaci,12468
7524,2007-06-08,2007-07-12,519,2007-07-05,,12472
8537,2007-06-10,2007-06-14,31,2007-06-14,,12499
2461,2007-06-13,2007-06-28,427,2007-06-23,,12553
10837,2007-06-13,2007-07-14,13,2007-07-06,,12560
2399,2007-06-15,2007-07-07,66,2007-07-02,,12582
10610,2007-06-16,2007-06-21,486,2007-06-19,Ručí za ni vlastní hlavou.,12597
6050,2007-06-17,2007-06-26,132,2007-06-25,,12617
3815,2007-06-17,2007-06-28,473,2007-06-24,k vědeckému článku,12620
2662,2007-06-19,2007-07-01,429,2007-06-27,,12673
9143,2007-06-19,2007-08-01,298,2007-07-16,k vědeckému článku,12675
4901,2007-06-20,2007-07-13,158,2007-07-07,,12701
1734,2007-06-20,2007-07-01,124,2007-06-26,"Nepsát e-mail, rovnou volat.",12702
1003,2007-06-29,2007-07-01,165,2007-07-03,"už nevím, co jsem si chtěl poznamenat",12837
9892,2007-06-29,2007-07-08,398,2007-07-08,pro projekt EU,12839
8448,2007-07-03,2007-07-27,205,2007-07-21,,12913
9000,2007-07-07,2007-08-15,57,2007-07-28,pro projekt EU,12952
2443,2007-07-12,2007-08-17,492,2007-08-08,,13020
3083,2007-07-14,2007-08-05,572,2007-07-30,,13037
5536,2007-07-14,2007-08-21,274,2007-08-11,,13044
5629,2007-07-14,2007-08-14,528,2007-08-08,k habilitaci,13052
6443,2007-07-14,2007-07-26,132,2007-07-21,"Pokud ji nevrátí v termínu, nedostane zápočet.",13062
8801,2007-07-17,2007-08-19,135,2007-07-31,,13121
3617,2007-07-18,2007-07-29,481,2007-07-26,,13137
2439,2007-07-20,2007-09-05,162,2007-08-20,Pro BP,13194
11224,2007-07-20,2007-07-26,300,2007-07-26,do výuky,13197
5892,2007-07-24,2007-08-21,509,2007-08-17,,13234
4064,2007-07-26,2007-08-13,246,2007-08-11,,13261
1145,2007-07-28,2007-09-01,211,2007-08-20,studijní materiál,13281
9237,2007-08-01,2007-09-07,535,2007-08-30,,13330
3667,2007-08-02,2007-08-16,300,2007-08-12,,13341
8270,2007-08-03,2007-08-13,266,2007-08-09,do výuky,13375
10500,2007-08-04,2007-08-12,351,2007-08-13,Pro výzkumné účely.,13385
7016,2007-08-06,2007-09-11,203,2007-08-25,pro projekt EU,13430
2963,2007-08-07,2007-08-19,289,2007-08-20,,13452
5881,2007-08-16,2007-09-19,535,2007-09-08,Určeno pro seminární práci.,13572
8762,2007-08-17,2007-08-19,36,2007-08-19,,13588
11960,2007-08-19,2007-08-27,335,2007-08-27,,13618
3384,2007-08-20,2007-08-28,330,2007-08-28,,13650
3922,2007-08-24,2007-09-21,503,2007-09-17,,13702
117,2007-08-27,2007-09-13,280,2007-09-07,,13764
4930,2007-08-29,2007-09-12,556,2007-09-05,,13780
2991,2007-08-29,2007-09-13,479,2007-09-11,,13791
8851,2007-09-02,2007-10-14,538,2007-10-07,,13831
958,2007-09-03,2007-09-12,60,2007-09-10,,13849
5636,2007-09-04,2007-10-01,329,2007-09-21,,13884
7540,2007-09-05,2007-10-11,29,2007-09-27,,13895
8990,2007-09-05,2007-09-21,397,2007-09-19,Určeno pro seminární práci.,13901
3116,2007-09-07,2007-10-17,356,2007-09-30,Pro výzkumné účely.,13915
7264,2007-09-07,2007-09-21,481,2007-09-18,,13916
1565,2007-09-07,2007-09-12,412,2007-09-12,,13926
3702,2007-09-07,2007-09-15,246,2007-09-17,k diplomce,13933
5720,2007-09-18,2007-09-28,86,2007-09-27,k diplomce,14110
11335,2007-09-18,2007-10-15,369,2007-09-29,,14122
10396,2007-09-20,2007-09-24,103,2007-09-26,Ručí za ni vlastní hlavou.,14165
10517,2007-09-21,2007-10-01,5,2007-09-30,,14202
7671,2007-09-28,2007-10-23,259,2007-10-16,,14269
9590,2007-09-28,2007-10-13,484,2007-10-11,,14274
11524,2007-09-29,2007-10-13,351,2007-10-05,,14289
795,2007-09-29,2007-11-03,362,2007-10-15,k diplomce,14290
10474,2007-10-02,2007-10-26,454,2007-10-25,K diplomové práci,14337
7775,2007-10-04,2007-11-02,149,2007-10-25,"Nepsát e-mail, rovnou volat.",14349
1774,2007-10-05,2007-10-17,369,2007-10-15,,14364
5121,2007-10-05,2007-10-30,145,2007-10-17,,14365
8684,2007-10-07,2007-10-27,435,2007-10-21,"Nepsát e-mail, rovnou volat.",14407
3442,2007-10-09,2007-10-18,173,2007-10-16,,14421
1947,2007-10-09,2007-11-08,360,2007-11-04,,14443
3504,2007-10-13,2007-10-17,292,2007-10-17,,14479
6913,2007-10-13,2007-10-31,228,2007-10-31,do výuky,14491
4203,2007-10-15,2007-10-25,69,2007-10-25,,14500
652,2007-10-16,2007-11-01,443,2007-10-22,,14520
4191,2007-10-16,2007-11-17,566,2007-11-03,,14521
2142,2007-10-21,2007-11-05,346,2007-10-30,studijní materiál,14599
6303,2007-10-23,2007-11-22,25,2007-11-08,,14623
5125,2007-10-24,2007-11-23,224,2007-11-08,,14640
1258,2007-10-24,2007-11-14,495,2007-11-07,"už nevím, co jsem si chtěl poznamenat",14643
1058,2007-10-25,2007-10-29,267,2007-10-29,,14665
2366,2007-10-26,2007-11-17,452,2007-11-08,pro projekt EU,14671
1128,2007-10-26,2007-11-16,546,2007-11-05,,14678
4227,2007-10-27,2007-11-22,427,2007-11-18,k habilitaci,14692
6460,2007-10-29,2007-12-16,436,2007-12-05,,14710
7081,2007-11-04,2007-11-06,435,2007-11-07,,14781
6005,2007-11-07,2007-11-28,330,2007-11-23,Pro BP,14832
1015,2007-11-11,2007-11-16,289,2007-11-16,,14908
5125,2007-11-13,2007-11-30,96,2007-11-26,,14949
8466,2007-11-17,2007-11-26,487,2007-11-25,,15031
5536,2007-11-17,2007-11-25,98,2007-11-26,"Pokud ji nevrátí v termínu, nedostane zápočet.",15040
5720,2007-11-18,2007-11-23,73,2007-11-22,,15060
8126,2007-11-21,2007-12-07,412,2007-12-03,,15105
7475,2007-11-27,2007-12-26,442,2007-12-16,,15173
2111,2007-11-27,2008-01-04,140,2008-01-01,studijní materiál,15185
11166,2007-11-28,2007-12-08,262,2007-12-05,,15189
443,2007-11-28,2008-01-07,389,2008-01-03,,15207
2084,2007-12-01,2007-12-28,111,2007-12-13,,15236
5889,2007-12-02,2007-12-13,44,2007-12-15,,15265
4175,2007-12-07,2007-12-27,406,2007-12-23,,15345
10421,2007-12-08,2008-01-16,59,2007-12-29,,15363
2568,2007-12-09,2008-01-17,492,2008-01-08,Pro BP,15389
1015,2007-12-12,2008-01-04,554,2008-01-04,Zapůjčeno pro bakalářskou práci,15410
6028,2007-12-12,2008-01-04,66,2008-01-01,,15429
811,2007-12-13,2008-01-08,456,2008-01-02,pro projekt EU,15441
2086,2007-12-14,2007-12-26,83,2007-12-26,,15450
11337,2007-12-15,2007-12-21,224,2007-12-20,pro projekt EU,15480
9041,2007-12-17,2008-01-01,66,2007-12-30,k diplomce,15529
7253,2007-12-19,2007-12-21,180,2007-12-22,K diplomové práci,15544
8169,2007-12-21,2008-01-03,80,2007-12-27,studijní materiál,15608
4815,2007-12-22,2008-01-08,496,2008-01-01,Určeno pro seminární práci.,15622
4576,2007-12-22,2007-12-27,437,2007-12-26,,15624
4497,2007-12-23,2008-01-07,507,2008-01-02,,15655
5911,2007-12-24,2008-01-26,484,2008-01-09,,15670
771,2007-12-27,2008-01-24,227,2008-01-17,,15727
7752,2007-12-28,2008-01-05,290,2008-01-04,,15750
8762,2008-01-03,2008-01-14,499,2008-01-12,,15811
11794,2008-01-08,2008-02-20,239,2008-02-03,Určeno pro seminární práci.,15891
698,2008-01-13,2008-02-15,360,2008-02-07,,15964
8481,2008-01-14,2008-01-30,51,2008-01-29,,15979
2443,2008-01-14,2008-01-26,149,2008-01-21,,15980
11477,2008-01-15,2008-02-05,170,2008-02-05,,15995
11871,2008-01-16,2008-01-19,525,2008-01-19,,16010
3384,2008-01-16,2008-02-03,287,2008-01-22,,16032
11457,2008-01-19,2008-02-03,566,2008-02-04,,16070
9466,2008-01-19,2008-02-10,430,2008-01-30,,16071
3387,2008-01-23,2008-02-08,177,2008-01-31,,16141
9581,2008-01-29,2008-03-17,44,2008-03-02,,16224
10761,2008-01-30,2008-02-24,88,2008-02-13,,16243
1145,2008-01-31,2008-02-12,6,2008-02-10,,16262
5033,2008-02-04,2008-03-01,124,2008-02-27,pohlídat si včasné vrácení,16308
3777,2008-02-05,2008-03-02,75,2008-02-21,,16321
2173,2008-02-06,2008-02-23,308,2008-02-20,,16339
672,2008-02-06,2008-03-08,79,2008-02-23,,16345
1657,2008-02-06,2008-03-14,442,2008-02-23,,16349
6639,2008-02-06,2008-02-22,288,2008-02-16,,16350
7726,2008-02-08,2008-02-26,15,2008-02-20,,16382
6970,2008-02-09,2008-02-12,100,2008-02-13,,16401
10969,2008-02-13,2008-03-01,441,2008-02-20,pohlídat si včasné vrácení,16469
5911,2008-02-16,2008-03-28,499,2008-03-14,,16520
10158,2008-02-22,2008-02-28,479,2008-02-27,,16633
3002,2008-02-22,2008-03-04,349,2008-03-02,,16638
8751,2008-02-23,2008-03-14,39,2008-03-11,,16649
8699,2008-02-24,2008-03-31,502,2008-03-18,,16654
5474,2008-02-28,2008-04-03,82,2008-03-26,,16738
3830,2008-03-07,2008-04-07,329,2008-04-03,Pro BP,16846
9835,2008-03-08,2008-04-02,363,2008-03-28,,16864
8994,2008-03-09,2008-03-17,553,2008-03-19,,16882
2399,2008-03-13,2008-03-21,404,2008-03-25,,16952
3116,2008-03-14,2008-04-13,52,2008-03-31,,16959
857,2008-03-27,2008-03-29,384,2008-03-31,,17197
4787,2008-03-30,2008-04-20,114,2008-04-11,,17248
10505,2008-04-02,2008-04-21,437,2008-04-19,k vědeckému článku,17284
4028,2008-04-03,2008-05-07,322,2008-04-25,,17317
10566,2008-04-05,2008-04-15,358,2008-04-11,,17353
6677,2008-04-08,2008-05-08,398,2008-04-24,,17402
6450,2008-04-08,2008-05-23,205,2008-05-03,k diplomce,17414
3387,2008-04-08,2008-05-01,360,2008-04-19,,17416
6329,2008-04-14,2008-04-19,335,2008-04-17,,17530
6866,2008-04-17,2008-05-14,471,2008-05-02,pro projekt EU,17587
1114,2008-04-20,2008-06-04,499,2008-05-25,Ručí za ni vlastní hlavou.,17673
10278,2008-04-22,2008-05-13,400,2008-05-09,,17693
804,2008-04-23,2008-05-18,162,2008-05-14,,17707
11168,2008-04-25,2008-05-27,471,2008-05-20,,17742
8252,2008-04-28,2008-06-03,34,2008-05-27,,17788
9684,2008-04-29,2008-05-20,535,2008-05-15,,17805
531,2008-05-03,2008-05-21,36,2008-05-20,,17858
3475,2008-05-05,2008-05-20,472,2008-05-15,,17907
6662,2008-05-05,2008-05-08,211,2008-05-09,,17920
6668,2008-05-05,2008-05-21,445,2008-05-19,,17922
8512,2008-05-07,2008-05-28,171,2008-05-24,,17961
2857,2008-05-10,2008-06-04,41,2008-05-27,,18015
10397,2008-05-11,2008-05-18,386,2008-05-21,,18027
8368,2008-05-12,2008-06-12,79,2008-06-06,,18050
2144,2008-05-12,2008-05-21,57,2008-05-24,,18053
3363,2008-05-16,2008-05-26,191,2008-05-24,Pro výzkumné účely.,18086
2568,2008-05-20,2008-06-13,266,2008-06-05,,18140
102,2008-05-21,2008-07-04,408,2008-06-15,,18149
11337,2008-05-23,2008-07-03,533,2008-06-23,,18160
9916,2008-05-24,2008-06-02,195,2008-05-28,do výuky,18177
9510,2008-05-28,2008-06-06,24,2008-06-05,,18243
8574,2008-05-28,2008-06-24,86,2008-06-11,,18249
8499,2008-05-29,2008-06-10,67,2008-06-10,,18272
8516,2008-05-31,2008-06-03,21,2008-06-04,,18286
7467,2008-05-31,2008-07-06,538,2008-06-27,,18290
8871,2008-05-31,2008-06-20,565,2008-06-19,,18298
10931,2008-06-08,2008-07-20,39,2008-07-02,Pro výzkumné účely.,18415
7653,2008-06-10,2008-07-20,270,2008-07-04,,18444
11619,2008-06-10,2008-06-29,118,2008-06-28,,18453
9020,2008-06-12,2008-06-17,442,2008-06-17,Ručí za ni vlastní hlavou.,18477
7847,2008-06-16,2008-07-05,430,2008-06-30,,18537
10501,2008-06-16,2008-06-24,116,2008-06-23,Pro výzkumné účely.,18543
6623,2008-06-16,2008-06-30,135,2008-06-27,,18553
10672,2008-06-17,2008-07-20,538,2008-07-02,,18572
10421,2008-06-19,2008-06-21,239,2008-06-22,,18597
1618,2008-06-22,2008-06-28,564,2008-06-29,,18656
11621,2008-06-23,2008-07-04,427,2008-07-01,,18672
9423,2008-06-24,2008-07-13,148,2008-07-05,,18681
10343,2008-06-27,2008-07-14,349,2008-07-14,Určeno pro seminární práci.,18734
2626,2008-06-28,2008-07-06,357,2008-07-06,,18748
2490,2008-06-29,2008-07-07,267,2008-07-06,Pro disertaci,18781
8913,2008-06-30,2008-07-03,400,2008-07-05,,18789
1246,2008-06-30,2008-08-17,111,2008-08-03,,18792
4380,2008-06-30,2008-07-16,408,2008-07-15,,18802
8211,2008-07-01,2008-07-18,24,2008-07-12,,18818
8237,2008-07-03,2008-07-10,1,2008-07-11,,18827
66,2008-07-06,2008-08-05,403,2008-08-02,,18877
5209,2008-07-06,2008-08-07,248,2008-07-22,,18878
10263,2008-07-09,2008-07-30,34,2008-07-30,,18951
10101,2008-07-10,2008-08-08,415,2008-07-25,,18960
9219,2008-07-13,2008-08-03,492,2008-07-31,,19014
7841,2008-07-14,2008-08-01,487,2008-08-02,,19019
11549,2008-07-16,2008-07-19,325,2008-07-20,pohlídat si včasné vrácení,19067
9366,2008-07-20,2008-08-01,469,2008-07-31,,19168
11534,2008-07-23,2008-07-28,452,2008-07-29,k habilitaci,19202
10791,2008-07-25,2008-08-15,282,2008-08-10,,19242
2969,2008-07-28,2008-08-27,473,2008-08-17,,19274
3899,2008-07-28,2008-08-17,404,2008-08-14,,19278
2626,2008-08-03,2008-09-09,431,2008-08-24,do výuky,19392
2830,2008-08-08,2008-08-27,559,2008-08-21,,19474
4835,2008-08-09,2008-08-24,477,2008-08-18,,19508
411,2008-08-11,2008-08-19,75,2008-08-19,K diplomové práci,19533
2606,2008-08-13,2008-09-06,100,2008-08-31,,19555
8313,2008-08-13,2008-08-25,390,2008-08-22,,19558
5676,2008-08-14,2008-09-16,404,2008-09-08,k projektu,19601
5283,2008-08-15,2008-08-18,464,2008-08-18,pohlídat si včasné vrácení,19609
4242,2008-08-17,2008-08-26,481,2008-08-28,,19653
2086,2008-08-19,2008-09-12,15,2008-09-09,,19676
2772,2008-08-23,2008-09-06,356,2008-09-05,,19733
11301,2008-08-24,2008-10-11,349,2008-09-23,Pro výzkumné účely.,19741
7699,2008-08-25,2008-08-31,369,2008-08-31,,19756
1153,2008-08-26,2008-09-08,446,2008-09-10,K diplomové práci,19787
8055,2008-08-28,2008-09-21,430,2008-09-08,,19806
8579,2008-09-03,2008-10-06,173,2008-09-27,,19889
8847,2008-09-03,2008-09-24,18,2008-09-27,,19895
11070,2008-09-04,2008-10-14,538,2008-10-04,,19908
11224,2008-09-06,2008-10-05,228,2008-09-30,,19979
8765,2008-09-06,2008-09-20,358,2008-09-19,,19987
7725,2008-09-08,2008-09-18,123,2008-09-17,"Pokud ji nevrátí v termínu, nedostane zápočet.",20013
3892,2008-09-09,2008-10-24,411,2008-10-04,,20020
3185,2008-09-10,2008-09-20,491,2008-09-21,,20035
11701,2008-09-17,2008-09-30,492,2008-10-03,,20149
5206,2008-09-17,2008-09-19,437,2008-09-20,,20161
413,2008-09-21,2008-10-09,141,2008-10-10,,20221
11735,2008-10-01,2008-11-11,408,2008-11-05,,20322
9484,2008-10-03,2008-10-29,446,2008-10-19,,20351
8813,2008-10-04,2008-10-06,472,2008-10-07,"Pokud ji nevrátí v termínu, nedostane zápočet.",20361
8851,2008-10-06,2008-10-30,435,2008-10-15,,20389
11115,2008-10-06,2008-11-15,467,2008-11-05,,20392
1207,2008-10-08,2008-11-03,472,2008-10-22,Ručí za ni vlastní hlavou.,20427
5636,2008-10-09,2008-10-20,149,2008-10-17,pohlídat si včasné vrácení,20443
2815,2008-10-09,2008-10-26,408,2008-10-25,,20462
2259,2008-10-10,2008-11-01,358,2008-10-29,,20485
5523,2008-10-10,2008-11-12,69,2008-11-03,,20489
10791,2008-10-11,2008-10-23,88,2008-10-25,,20499
5866,2008-10-13,2008-10-27,406,2008-10-20,,20536
4931,2008-10-16,2008-11-17,178,2008-11-16,,20572
10566,2008-10-16,2008-10-18,140,2008-10-19,,20588
5474,2008-10-17,2008-10-19,384,2008-10-20,,20590
2951,2008-10-19,2008-11-28,254,2008-11-15,,20606
3747,2008-10-19,2008-11-11,422,2008-11-06,,20617
10103,2008-10-21,2008-11-14,159,2008-11-03,,20640
10735,2008-10-22,2008-11-16,349,2008-11-13,,20645
4807,2008-10-23,2008-11-09,25,2008-11-04,Určeno pro seminární práci.,20647
1916,2008-10-25,2008-12-02,114,2008-11-19,,20678
6596,2008-10-27,2008-12-12,522,2008-12-04,,20702
9020,2008-10-30,2008-11-21,75,2008-11-09,,20739
8211,2008-10-31,2008-11-05,436,2008-11-06,,20751
1660,2008-10-31,2008-11-20,375,2008-11-16,,20757
613,2008-11-01,2008-12-13,21,2008-12-11,,20774
11382,2008-11-06,2008-11-22,122,2008-11-19,,20827
3002,2008-11-07,2008-11-12,80,2008-11-11,,20844
857,2008-11-07,2008-11-21,282,2008-11-21,Pro výzkumné účely.,20847
10191,2008-11-12,2008-12-04,217,2008-11-27,,20899
8988,2008-11-15,2008-11-24,122,2008-11-22,,20922
8809,2008-11-17,2008-12-12,554,2008-11-28,,20968
3218,2008-11-19,2008-12-11,79,2008-12-12,,21003
2918,2008-11-21,2008-12-09,449,2008-12-05,,21043
4121,2008-11-26,2008-12-23,195,2008-12-15,pohlídat si včasné vrácení,21096
9867,2008-12-01,2008-12-22,535,2008-12-18,,21182
5939,2008-12-04,2009-01-13,171,2009-01-05,,21229
9475,2008-12-10,2008-12-29,73,2008-12-27,,21347
10077,2008-12-14,2009-01-25,276,2009-01-05,,21409
7404,2008-12-14,2008-12-22,60,2008-12-19,Pro výzkumné účely.,21416
4561,2008-12-14,2009-01-06,473,2008-12-28,"Nepsát e-mail, rovnou volat.",21424
10681,2008-12-22,2009-02-05,470,2009-01-15,,21562
2570,2008-12-26,2009-01-27,325,2009-01-22,,21632
11577,2008-12-31,2009-01-20,375,2009-01-17,Určeno pro seminární práci.,21705
9802,2009-01-02,2009-02-08,401,2009-01-27,Ručí za ni vlastní hlavou.,21741
101,2009-01-03,2009-01-22,180,2009-01-22,,21763
3777,2009-01-05,2009-01-29,470,2009-01-23,,21809
3107,2009-01-05,2009-01-24,217,2009-01-20,studijní materiál,21812
5492,2009-01-07,2009-01-15,124,2009-01-18,,21860
8950,2009-01-09,2009-01-19,575,2009-01-17,,21885
9025,2009-01-09,2009-02-08,435,2009-01-27,do výuky,21888
3499,2009-01-10,2009-02-06,116,2009-01-27,,21918
8211,2009-01-10,2009-01-19,495,2009-01-14,,21922
4797,2009-01-15,2009-01-24,487,2009-01-23,,21948
3514,2009-01-15,2009-02-28,276,2009-02-11,,21951
106,2009-01-17,2009-01-30,197,2009-01-27,,22005
5663,2009-01-20,2009-02-07,253,2009-02-05,,22035
4835,2009-01-23,2009-02-22,113,2009-02-07,Ručí za ni vlastní hlavou.,22108
9143,2009-01-24,2009-02-11,575,2009-02-06,Pro BP,22115
6329,2009-01-25,2009-02-22,140,2009-02-12,,22147
3663,2009-01-25,2009-02-25,298,2009-02-09,,22156
4776,2009-01-25,2009-02-15,164,2009-02-15,,22158
543,2009-01-30,2009-03-04,429,2009-02-25,,22249
2212,2009-01-31,2009-02-13,18,2009-02-14,,22256
3742,2009-01-31,2009-02-07,360,2009-02-08,,22259
6282,2009-02-07,2009-02-17,384,2009-02-17,,22398
9072,2009-02-08,2009-02-17,250,2009-02-16,,22414
9681,2009-02-10,2009-03-28,114,2009-03-13,K diplomové práci,22460
6844,2009-02-11,2009-03-03,131,2009-02-18,,22486
10968,2009-02-11,2009-03-28,502,2009-03-17,,22491
2598,2009-02-17,2009-03-18,384,2009-03-10,,22564
110,2009-02-19,2009-03-20,57,2009-03-13,,22597
8702,2009-02-20,2009-03-12,559,2009-03-08,,22621
9656,2009-02-22,2009-03-27,503,2009-03-18,,22637
11517,2009-02-22,2009-04-11,199,2009-03-24,,22650
7101,2009-02-26,2009-02-28,244,2009-03-01,,22701
11531,2009-02-28,2009-03-23,551,2009-03-15,,22736
9447,2009-03-06,2009-03-22,66,2009-03-17,,22806
6866,2009-03-10,2009-03-25,283,2009-03-25,,22849
10978,2009-03-13,2009-03-21,305,2009-03-22,k vědeckému článku,22901
3793,2009-03-13,2009-04-10,357,2009-04-04,,22903
6051,2009-03-13,2009-03-26,91,2009-03-23,,22906
2228,2009-03-13,2009-03-23,479,2009-03-21,K diplomové práci,22908
11098,2009-03-13,2009-03-25,141,2009-03-25,,22919
8169,2009-03-14,2009-03-22,457,2009-03-21,,22922
868,2009-03-15,2009-04-02,123,2009-03-26,,22957
6548,2009-03-19,2009-04-16,13,2009-04-08,,23037
1365,2009-03-24,2009-04-13,490,2009-04-08,,23134
5825,2009-03-25,2009-04-03,57,2009-04-06,,23160
11968,2009-03-25,2009-04-10,288,2009-04-07,,23162
5735,2009-03-27,2009-03-30,470,2009-04-01,,23197
8811,2009-03-29,2009-04-20,92,2009-04-12,,23220
2349,2009-04-05,2009-04-23,280,2009-04-16,,23337
824,2009-04-06,2009-05-06,274,2009-04-30,pohlídat si včasné vrácení,23353
11121,2009-04-06,2009-05-09,146,2009-05-01,,23357
5725,2009-04-06,2009-05-22,180,2009-05-18,,23363
7385,2009-04-08,2009-04-24,246,2009-04-17,,23371
8452,2009-04-08,2009-05-10,22,2009-04-26,,23373
1774,2009-04-09,2009-05-04,507,2009-04-24,,23374
1947,2009-04-09,2009-04-15,572,2009-04-17,,23386
2689,2009-04-09,2009-05-11,29,2009-04-27,,23398
1577,2009-04-12,2009-04-15,300,2009-04-16,,23451
7816,2009-04-12,2009-05-08,335,2009-05-03,,23456
10359,2009-04-16,2009-05-17,450,2009-05-07,k diplomce,23517
871,2009-04-16,2009-04-21,246,2009-04-22,Ručí za ni vlastní hlavou.,23519
2147,2009-04-17,2009-04-24,60,2009-04-24,,23531
5418,2009-04-23,2009-05-18,228,2009-05-14,,23624
9468,2009-04-23,2009-05-10,146,2009-05-06,Určeno pro seminární práci.,23632
10068,2009-04-26,2009-05-12,549,2009-05-07,,23720
6655,2009-04-28,2009-05-04,541,2009-05-03,,23739
8847,2009-04-29,2009-05-18,553,2009-05-15,,23756
8368,2009-04-29,2009-05-14,22,2009-05-07,,23757
1102,2009-04-30,2009-06-13,506,2009-06-06,,23781
11545,2009-04-30,2009-05-28,450,2009-05-22,,23782
577,2009-05-02,2009-05-16,561,2009-05-10,,23807
1600,2009-05-04,2009-05-13,239,2009-05-11,do výuky,23855
4071,2009-05-06,2009-06-04,357,2009-05-28,,23879
359,2009-05-07,2009-05-14,346,2009-05-16,,23896
3403,2009-05-07,2009-06-10,428,2009-06-02,,23897
11138,2009-05-08,2009-05-16,252,2009-05-13,,23904
2906,2009-05-13,2009-05-23,488,2009-05-16,,23996
8440,2009-05-14,2009-05-30,355,2009-05-25,pro projekt EU,24001
8252,2009-05-15,2009-06-16,51,2009-06-06,,24030
9300,2009-05-16,2009-06-06,114,2009-05-28,,24041
1770,2009-05-17,2009-06-27,457,2009-06-18,Pro výzkumné účely.,24047
3691,2009-05-19,2009-06-01,400,2009-06-03,k vědeckému článku,24089
4524,2009-05-23,2009-05-25,487,2009-05-26,,24175
1577,2009-05-24,2009-07-04,45,2009-06-21,,24188
1847,2009-05-24,2009-06-22,250,2009-06-08,,24199
8256,2009-05-29,2009-06-27,369,2009-06-18,,24273
5679,2009-05-29,2009-06-23,13,2009-06-18,,24274
8230,2009-05-31,2009-06-29,57,2009-06-25,,24306
3892,2009-06-01,2009-06-03,454,2009-06-05,,24314
192,2009-06-01,2009-06-19,126,2009-06-13,,24318
2075,2009-06-02,2009-06-27,124,2009-06-25,,24341
1528,2009-06-04,2009-06-15,120,2009-06-09,"Nepsát e-mail, rovnou volat.",24399
4969,2009-06-06,2009-07-02,44,2009-06-27,,24435
890,2009-06-09,2009-06-29,207,2009-06-17,pohlídat si včasné vrácení,24494
8448,2009-06-09,2009-07-11,538,2009-06-24,,24509
7148,2009-06-10,2009-07-15,561,2009-07-01,k habilitaci,24510
8537,2009-06-12,2009-06-18,378,2009-06-16,Ručí za ni vlastní hlavou.,24574
8684,2009-06-13,2009-07-08,559,2009-07-05,,24598
7264,2009-06-15,2009-06-27,191,2009-06-24,k projektu,24635
7121,2009-06-16,2009-07-23,118,2009-07-09,,24642
8386,2009-06-16,2009-06-29,499,2009-06-25,k projektu,24647
10665,2009-06-17,2009-06-28,165,2009-06-26,,24665
2275,2009-06-18,2009-06-27,511,2009-06-29,,24696
419,2009-06-19,2009-06-25,492,2009-06-25,,24715
5263,2009-06-25,2009-08-10,44,2009-08-06,,24796
1419,2009-06-30,2009-07-28,447,2009-07-20,,24834
2830,2009-06-30,2009-07-19,445,2009-07-13,,24836
11794,2009-06-30,2009-07-13,396,2009-07-12,Zapůjčeno pro bakalářskou práci,24843
6777,2009-07-04,2009-07-22,481,2009-07-22,K diplomové práci,24894
3663,2009-07-04,2009-08-11,60,2009-08-01,,24896
3813,2009-07-09,2009-07-29,493,2009-07-17,pro projekt EU,24963
11621,2009-07-13,2009-08-11,228,2009-07-28,,24995
871,2009-07-16,2009-08-10,507,2009-08-05,Zapůjčeno pro bakalářskou práci,25040
4223,2009-07-16,2009-08-16,191,2009-08-05,do výuky,25047
698,2009-07-18,2009-08-23,538,2009-08-07,,25060
9346,2009-07-19,2009-08-06,180,2009-08-03,K diplomové práci,25071
3076,2009-07-20,2009-08-30,282,2009-08-21,,25117
1184,2009-07-21,2009-08-12,228,2009-08-04,,25129
7385,2009-07-21,2009-08-15,329,2009-08-11,Pro BP,25141
4137,2009-07-22,2009-08-05,45,2009-08-02,,25161
7239,2009-07-23,2009-07-31,400,2009-07-31,,25176
8152,2009-07-23,2009-08-21,545,2009-08-13,,25187
344,2009-07-24,2009-08-05,140,2009-08-05,,25215
1785,2009-07-25,2009-08-21,223,2009-08-11,do výuky,25235
5825,2009-07-25,2009-08-17,436,2009-08-13,,25240
7755,2009-07-27,2009-08-14,336,2009-08-03,,25286
3597,2009-07-30,2009-08-04,36,2009-08-04,K diplomové práci,25336
7775,2009-08-03,2009-08-22,549,2009-08-14,k diplomce,25375
11306,2009-08-03,2009-08-27,114,2009-08-17,k diplomce,25394
5720,2009-08-05,2009-09-02,101,2009-08-18,,25404
1776,2009-08-05,2009-09-10,406,2009-08-26,,25405
10034,2009-08-07,2009-09-06,561,2009-08-24,,25437
1015,2009-08-08,2009-08-22,207,2009-08-17,"už nevím, co jsem si chtěl poznamenat",25452
9245,2009-08-08,2009-09-11,507,2009-08-27,Zapůjčeno pro bakalářskou práci,25481
3241,2009-08-10,2009-09-05,362,2009-08-31,,25505
7260,2009-08-10,2009-09-09,21,2009-08-31,,25508
66,2009-08-11,2009-08-19,491,2009-08-19,,25513
1085,2009-08-11,2009-09-12,428,2009-09-04,,25521
2876,2009-08-13,2009-09-19,6,2009-09-06,,25572
5071,2009-08-15,2009-09-17,472,2009-09-05,,25608
3793,2009-08-15,2009-09-19,462,2009-09-09,k diplomce,25620
3061,2009-08-16,2009-08-18,263,2009-08-19,,25627
8237,2009-08-19,2009-09-07,363,2009-09-03,,25654
4933,2009-08-20,2009-09-06,173,2009-09-06,,25671
1815,2009-08-28,2009-10-08,280,2009-09-30,,25769
5453,2009-08-31,2009-09-24,68,2009-09-14,,25803
4329,2009-09-01,2009-10-01,430,2009-09-19,do výuky,25814
8448,2009-09-02,2009-09-10,101,2009-09-10,do výuky,25833
4335,2009-09-03,2009-09-14,351,2009-09-11,,25839
744,2009-09-05,2009-09-22,171,2009-09-13,,25872
3475,2009-09-11,2009-10-14,412,2009-09-30,,25979
4199,2009-09-16,2009-10-08,395,2009-09-27,,26070
2626,2009-09-22,2009-11-05,6,2009-10-20,,26158
11466,2009-09-25,2009-10-04,239,2009-10-01,,26210
192,2009-09-25,2009-10-07,455,2009-10-04,,26219
10767,2009-09-28,2009-10-24,100,2009-10-16,,26258
4686,2009-09-28,2009-10-20,131,2009-10-07,,26262
7699,2009-09-29,2009-10-19,330,2009-10-16,,26298
4953,2009-09-30,2009-10-18,246,2009-10-18,,26330
6383,2009-09-30,2009-11-13,374,2009-10-29,,26335
10449,2009-10-06,2009-10-21,267,2009-10-15,Pro BP,26403
11389,2009-10-07,2009-10-24,270,2009-10-17,,26430
6028,2009-10-09,2009-10-29,1,2009-10-27,,26475
7634,2009-10-09,2009-10-11,270,2009-10-13,,26487
7158,2009-10-11,2009-10-19,310,2009-10-17,,26523
11312,2009-10-12,2009-11-23,429,2009-11-14,,26555
6113,2009-10-19,2009-11-13,525,2009-11-02,,26636
1618,2009-10-20,2009-11-12,90,2009-10-30,"už nevím, co jsem si chtěl poznamenat",26662
6443,2009-10-21,2009-12-08,7,2009-11-25,k diplomce,26676
9212,2009-10-22,2009-11-10,194,2009-10-30,,26702
1561,2009-10-25,2009-11-22,176,2009-11-08,,26718
9041,2009-10-26,2009-11-13,148,2009-11-09,,26724
1236,2009-10-27,2009-11-06,491,2009-11-06,,26763
8921,2009-10-27,2009-12-08,101,2009-11-29,,26783
5269,2009-10-28,2009-11-02,250,2009-11-02,,26789
8809,2009-10-29,2009-11-11,406,2009-11-08,,26805
9691,2009-10-31,2009-12-13,541,2009-12-01,,26829
3682,2009-11-03,2009-12-01,432,2009-11-25,,26860
1102,2009-11-03,2009-11-06,75,2009-11-07,"už nevím, co jsem si chtěl poznamenat",26861
2814,2009-11-03,2009-11-16,457,2009-11-13,,26863
4121,2009-11-07,2009-11-26,396,2009-11-24,,26931
1770,2009-11-10,2009-11-30,500,2009-11-27,,27000
4831,2009-11-11,2009-12-16,441,2009-11-30,,27036
7641,2009-11-15,2009-12-07,404,2009-11-29,,27082
9311,2009-11-15,2009-12-15,363,2009-12-06,,27091
2447,2009-11-15,2009-12-29,22,2009-12-17,,27103
9445,2009-11-17,2009-12-08,262,2009-12-01,,27138
5118,2009-11-18,2009-12-18,145,2009-12-05,pohlídat si včasné vrácení,27164
891,2009-11-20,2009-12-08,575,2009-12-04,,27184
623,2009-11-22,2009-12-01,310,2009-11-28,,27204
3579,2009-11-22,2009-11-24,99,2009-11-25,,27207
10837,2009-11-23,2009-11-28,484,2009-11-29,,27224
10838,2009-11-25,2009-12-24,575,2009-12-15,,27248
6217,2009-11-26,2009-12-01,422,2009-12-02,Pro disertaci,27265
6698,2009-11-26,2010-01-12,164,2009-12-29,,27271
9581,2009-12-02,2010-01-09,176,2010-01-10,,27376
6101,2009-12-05,2009-12-17,208,2009-12-16,,27410
7641,2009-12-07,2010-01-17,357,2010-01-01,,27447
5114,2009-12-08,2009-12-12,360,2009-12-13,,27478
9300,2009-12-08,2009-12-11,159,2009-12-12,,27479
1008,2009-12-10,2009-12-26,18,2009-12-28,,27487
7952,2009-12-10,2009-12-19,16,2009-12-18,,27488
7951,2009-12-14,2010-01-29,386,2010-01-24,,27548
2969,2009-12-19,2009-12-28,488,2009-12-26,Pro disertaci,27641
6094,2009-12-19,2010-01-06,289,2010-01-07,,27652
11183,2009-12-22,2010-01-14,397,2010-01-10,,27695
10672,2009-12-23,2010-01-03,57,2010-01-03,Pro výzkumné účely.,27708
11607,2009-12-24,2010-01-15,34,2010-01-03,K diplomové práci,27729
10565,2009-12-25,2010-01-28,177,2010-01-18,,27747
11735,2009-12-25,2010-02-01,103,2010-01-18,,27751
11682,2009-12-27,2010-02-01,75,2010-01-19,,27788
6896,2009-12-29,2010-02-06,68,2010-01-23,,27815
10897,2010-01-06,2010-02-09,276,2010-01-28,K diplomové práci,27923
9262,2010-01-06,2010-01-28,98,2010-01-20,K diplomové práci,27925
9829,2010-01-09,2010-01-30,447,2010-01-23,pro projekt EU,27956
10421,2010-01-13,2010-02-05,484,2010-01-27,k habilitaci,28026
4273,2010-01-14,2010-02-02,90,2010-01-24,,28033
11713,2010-01-15,2010-02-04,7,2010-01-29,,28049
4797,2010-01-15,2010-02-01,45,2010-01-24,,28058
8448,2010-01-17,2010-02-07,171,2010-02-04,studijní materiál,28101
6329,2010-01-18,2010-02-11,280,2010-02-05,,28118
8661,2010-01-23,2010-02-02,60,2010-02-03,,28207
405,2010-01-23,2010-02-03,279,2010-01-30,studijní materiál,28217
7121,2010-01-26,2010-02-11,400,2010-02-07,,28265
3865,2010-01-27,2010-02-26,378,2010-02-24,,28293
2831,2010-01-28,2010-02-19,474,2010-02-15,studijní materiál,28303
2906,2010-02-03,2010-02-15,65,2010-02-10,,28427
7906,2010-02-07,2010-03-20,325,2010-03-11,,28524
7312,2010-02-07,2010-02-27,39,2010-02-20,,28525
2439,2010-02-09,2010-02-14,96,2010-02-15,,28557
652,2010-02-12,2010-03-04,503,2010-03-01,,28627
4850,2010-02-14,2010-02-18,446,2010-02-18,,28647
11484,2010-02-15,2010-03-16,400,2010-03-08,k habilitaci,28677
1153,2010-02-17,2010-03-11,123,2010-03-06,,28707
9320,2010-02-18,2010-04-01,75,2010-03-12,,28731
10698,2010-02-18,2010-03-21,395,2010-03-14,,28736
3986,2010-02-18,2010-03-05,557,2010-03-06,,28746
10614,2010-02-18,2010-03-24,60,2010-03-18,,28748
7117,2010-02-20,2010-02-22,564,2010-02-21,,28780
9025,2010-02-21,2010-03-08,34,2010-03-04,"už nevím, co jsem si chtěl poznamenat",28786
8871,2010-02-24,2010-02-26,227,2010-02-27,studijní materiál,28852
11683,2010-02-26,2010-04-07,158,2010-03-28,,28894
11621,2010-03-04,2010-04-04,113,2010-03-27,,28971
8988,2010-03-05,2010-03-10,73,2010-03-11,Pro výzkumné účely.,29028
9237,2010-03-06,2010-04-23,166,2010-04-08,,29033
6715,2010-03-12,2010-03-21,207,2010-03-19,,29111
9012,2010-03-15,2010-04-14,124,2010-04-06,,29136
4158,2010-03-20,2010-03-28,218,2010-03-29,,29209
6331,2010-03-20,2010-04-04,553,2010-04-01,,29219
2963,2010-03-24,2010-03-27,120,2010-03-28,Pro BP,29287
3007,2010-03-25,2010-04-20,560,2010-04-11,,29314
8169,2010-03-27,2010-04-16,263,2010-04-12,,29325
1806,2010-03-31,2010-05-03,503,2010-04-22,,29379
3241,2010-04-01,2010-04-21,124,2010-04-15,,29398
8884,2010-04-05,2010-04-20,362,2010-04-14,,29439
548,2010-04-06,2010-04-17,490,2010-04-15,,29458
2216,2010-04-07,2010-04-21,239,2010-04-20,,29470
8704,2010-04-08,2010-05-04,132,2010-04-28,"Pokud ji nevrátí v termínu, nedostane zápočet.",29493
2849,2010-04-13,2010-05-11,358,2010-04-28,K diplomové práci,29599
1312,2010-04-14,2010-04-29,99,2010-04-27,,29614
7775,2010-04-17,2010-05-31,556,2010-05-21,,29673
6337,2010-04-22,2010-05-28,564,2010-05-07,,29722
4216,2010-04-23,2010-05-10,29,2010-05-06,,29746
3550,2010-04-25,2010-05-07,560,2010-05-05,,29791
154,2010-04-30,2010-05-30,445,2010-05-22,,29887
1733,2010-04-30,2010-05-10,369,2010-05-10,,29898
1734,2010-05-02,2010-05-07,391,2010-05-07,pohlídat si včasné vrácení,29932
5605,2010-05-04,2010-05-06,445,2010-05-06,,29958
9613,2010-05-04,2010-05-16,294,2010-05-14,,29970
11619,2010-05-05,2010-05-23,349,2010-05-18,,30001
11168,2010-05-06,2010-06-15,75,2010-06-03,,30011
11138,2010-05-07,2010-05-16,224,2010-05-17,,30043
7524,2010-05-08,2010-06-15,493,2010-06-06,,30052
1897,2010-05-08,2010-06-11,401,2010-06-02,,30053
613,2010-05-08,2010-05-18,75,2010-05-15,,30059
9146,2010-05-09,2010-05-26,397,2010-05-19,K diplomové práci,30064
5322,2010-05-09,2010-05-29,493,2010-05-27,,30070
6588,2010-05-13,2010-06-07,1,2010-05-30,,30134
11477,2010-05-14,2010-05-16,18,2010-05-17,"Pokud ji nevrátí v termínu, nedostane zápočet.",30161
11968,2010-05-18,2010-06-23,111,2010-06-17,Pro výzkumné účely.,30242
10326,2010-05-20,2010-06-08,282,2010-06-05,"už nevím, co jsem si chtěl poznamenat",30260
3556,2010-05-21,2010-05-25,131,2010-05-26,,30284
3939,2010-05-23,2010-06-15,254,2010-06-06,Pro BP,30319
3116,2010-05-24,2010-05-30,378,2010-05-29,,30364
4267,2010-05-25,2010-06-08,68,2010-06-06,,30380
11866,2010-06-01,2010-07-05,502,2010-06-21,k diplomce,30475
4700,2010-06-05,2010-06-18,481,2010-06-12,,30524
6195,2010-06-06,2010-07-03,529,2010-06-17,,30536
2459,2010-06-06,2010-07-01,166,2010-06-22,,30542
9754,2010-06-10,2010-07-15,34,,,30603
11933,2010-06-12,2010-06-25,325,2010-06-19,,30645
9736,2010-06-13,2010-07-22,166,,,30658
9173,2010-06-13,2010-06-21,111,2010-06-17,,30662
2978,2010-06-19,2010-07-18,511,,,30738
6817,2010-06-22,2010-06-26,60,2010-06-25,,30782
2995,2010-06-24,2010-07-14,267,,Pro BP,30809
11003,2010-06-24,2010-07-03,69,,,30811
3499,2010-06-25,2010-07-18,218,,,30838
10672,2010-06-27,2010-07-17,197,,k projektu,30854
